[
{
  "model": "main.motorcycle",
  "pk": 1,
  "fields": {
    "model": "Hrooster",
    "producer": 3,
    "type": 2,
    "cylinders": 1,
    "volume": 20,
    "power": 40,
    "pic": "products/WDHZB128-Pretty-Motorcycle-for-Kids-for-Toyota.jpg"
  }
},
{
  "model": "main.motorcycle",
  "pk": 2,
  "fields": {
    "model": "Ground Meat",
    "producer": 2,
    "type": 4,
    "cylinders": 4,
    "volume": 2000,
    "power": 2000,
    "pic": "products/2018-new-china-CQR-cross-motorcycle-dirt.jpg_300x300.jpg"
  }
},
{
  "model": "main.motorcycle",
  "pk": 3,
  "fields": {
    "model": "HP4 RACE",
    "producer": 5,
    "type": 2,
    "cylinders": 4,
    "volume": 2000,
    "power": 5000,
    "pic": "products/normal_36_5.png"
  }
},
{
  "model": "main.motorcycle",
  "pk": 4,
  "fields": {
    "model": "BC-OME M E4T",
    "producer": 5,
    "type": 3,
    "cylinders": 4,
    "volume": 2000,
    "power": 100,
    "pic": "products/bmw-r-1200-gs-bike-500x500.jpg"
  }
},
{
  "model": "main.motorcycle",
  "pk": 5,
  "fields": {
    "model": "su1S1De",
    "producer": 4,
    "type": 3,
    "cylinders": 4,
    "volume": 2040,
    "power": 2034,
    "pic": "products/52c8b5b08d31f58892e4f6db3bae7837.jpg"
  }
},
{
  "model": "main.car",
  "pk": 1,
  "fields": {
    "model": "Jetta 2",
    "producer": 1,
    "year": 1992,
    "type": 1,
    "volume": 1000,
    "power": 1000,
    "drive": 1,
    "pic": "products/jetta-2.jpg"
  }
},
{
  "model": "main.car",
  "pk": 2,
  "fields": {
    "model": "A6",
    "producer": 2,
    "year": 2008,
    "type": 4,
    "volume": 2400,
    "power": 2000,
    "drive": 2,
    "pic": "products/audi_a6-allroad_2020.png"
  }
},
{
  "model": "main.car",
  "pk": 3,
  "fields": {
    "model": "Sprinter Trueno (E80)",
    "producer": 3,
    "year": 1985,
    "type": 5,
    "volume": 1500,
    "power": 1800,
    "drive": 1,
    "pic": "products/toyota_sprinter_trueno_528343.jpg"
  }
},
{
  "model": "main.car",
  "pk": 4,
  "fields": {
    "model": "Passat 5",
    "producer": 1,
    "year": 2012,
    "type": 1,
    "volume": 3600,
    "power": 3000,
    "drive": 3,
    "pic": "products/71bKZndXCrL._UY560_.jpg"
  }
},
{
  "model": "main.car",
  "pk": 5,
  "fields": {
    "model": "Corolla CVT",
    "producer": 3,
    "year": 2013,
    "type": 1,
    "volume": 1800,
    "power": 4000,
    "drive": 2,
    "pic": "products/26b7afb038ee9f990be7d3e9a98db12d.jpg"
  }
},
{
  "model": "main.car",
  "pk": 6,
  "fields": {
    "model": "Z4",
    "producer": 5,
    "year": 2003,
    "type": 5,
    "volume": 1900,
    "power": 3000,
    "drive": 1,
    "pic": "products/finedata_A0255474-1960\u04451102_PVBgp3i.jpg"
  }
},
{
  "model": "main.car",
  "pk": 7,
  "fields": {
    "model": "Supra A80",
    "producer": 3,
    "year": 1999,
    "type": 5,
    "volume": 3000,
    "power": 2800,
    "drive": 1,
    "pic": "products/922e9509721fb8ca0c97f0f975bc0571.jpg"
  }
},
{
  "model": "main.car",
  "pk": 8,
  "fields": {
    "model": "M760LI",
    "producer": 5,
    "year": 2017,
    "type": 1,
    "volume": 6000,
    "power": 7000,
    "drive": 3,
    "pic": "products/2019BMC080018_1280_01_oneBykD.webp"
  }
},
{
  "model": "main.car",
  "pk": 9,
  "fields": {
    "model": "Range Rover Sport SVR",
    "producer": 6,
    "year": 2013,
    "type": 3,
    "volume": 5500,
    "power": 5400,
    "drive": 3,
    "pic": "products/90f243b881b08014290bf502d50a193a.jpg"
  }
},
{
  "model": "main.car",
  "pk": 10,
  "fields": {
    "model": "Beetle 2",
    "producer": 1,
    "year": 2015,
    "type": 5,
    "volume": 2000,
    "power": 800,
    "drive": 1,
    "pic": "products/2018-Volkswagen-Beetle-White-Silver-Metallic_o.jpg"
  }
},
{
  "model": "main.car",
  "pk": 11,
  "fields": {
    "model": "Camry Luxe",
    "producer": 3,
    "year": 2011,
    "type": 1,
    "volume": 4000,
    "power": 7800,
    "drive": 2,
    "pic": "products/467e2086ee255275a5e1ed4b44e8b463.jpg"
  }
},
{
  "model": "main.car",
  "pk": 12,
  "fields": {
    "model": "Scirocco Sport",
    "producer": 1,
    "year": 2008,
    "type": 2,
    "volume": 8000,
    "power": 9000,
    "drive": 2,
    "pic": "products/135213cd6ac912df671f4a9dbe8ddc69.jpg"
  }
},
{
  "model": "main.car",
  "pk": 13,
  "fields": {
    "model": "Golf Trendline",
    "producer": 1,
    "year": 2012,
    "type": 2,
    "volume": 4000,
    "power": 6500,
    "drive": 2,
    "pic": "products/fffe01f1dc723cef6cef7fb9fc4c5806.jpg"
  }
},
{
  "model": "main.producer",
  "pk": 1,
  "fields": {
    "name": "Volkswagen",
    "country": "Germany",
    "website": "http://volkswagen.com/"
  }
},
{
  "model": "main.producer",
  "pk": 2,
  "fields": {
    "name": "Audi",
    "country": "Germany",
    "website": "https://www.audi.com/"
  }
},
{
  "model": "main.producer",
  "pk": 3,
  "fields": {
    "name": "Toyota",
    "country": "Japan",
    "website": "https://www.toyota.com/"
  }
},
{
  "model": "main.producer",
  "pk": 4,
  "fields": {
    "name": "Ducati",
    "country": "Italy",
    "website": "https://www.ducati.com"
  }
},
{
  "model": "main.producer",
  "pk": 5,
  "fields": {
    "name": "BMW",
    "country": "Germany",
    "website": "http://bmw.com/"
  }
},
{
  "model": "main.producer",
  "pk": 6,
  "fields": {
    "name": "Land Rover",
    "country": "England",
    "website": "https://www.landrover.com/"
  }
},
{
  "model": "main.motorcyclead",
  "pk": 2,
  "fields": {
    "price": 27,
    "description": "\u65e5\u672c\u8a9e\u3067\u306f\u65e5\u672c\u306e\u30c7\u30a3\u30fc\u30e9\u30fc\u306e\u3088\u3046\u306a\u3082\u306e\u3067\u3001\u660e\u78ba\u306a\u3082\u306e\u306f\u3042\u308a\u307e\u305b\u3093",
    "date": "2019-12-24T17:57:59.033Z",
    "dealer": 14,
    "product": 1
  }
},
{
  "model": "main.motorcyclead",
  "pk": 3,
  "fields": {
    "price": 6000,
    "description": "All colors. Full set. 5 year warranty. Delivery.",
    "date": "2019-12-24T18:05:42.180Z",
    "dealer": 11,
    "product": 4
  }
},
{
  "model": "main.motorcyclead",
  "pk": 4,
  "fields": {
    "price": 4580,
    "description": "All colors. Full set. 5 year warranty. Delivery.",
    "date": "2019-12-24T18:06:09.896Z",
    "dealer": 11,
    "product": 5
  }
},
{
  "model": "main.motorcyclead",
  "pk": 5,
  "fields": {
    "price": 2000,
    "description": "No delivery.",
    "date": "2019-12-24T18:27:30.695Z",
    "dealer": 13,
    "product": 1
  }
},
{
  "model": "main.motorcyclead",
  "pk": 6,
  "fields": {
    "price": 2320,
    "description": "No delivery. Colors: different.",
    "date": "2019-12-24T18:28:30.331Z",
    "dealer": 13,
    "product": 5
  }
},
{
  "model": "main.motorcyclead",
  "pk": 7,
  "fields": {
    "price": 4400,
    "description": "All coloring types. Full complectation. Delivery.",
    "date": "2019-12-24T18:41:14.950Z",
    "dealer": 12,
    "product": 5
  }
},
{
  "model": "main.motorcyclead",
  "pk": 8,
  "fields": {
    "price": 1400,
    "description": "Full complectation. Delivery. If you find cheaper, we will sell for the same price.",
    "date": "2019-12-24T18:41:46.271Z",
    "dealer": 12,
    "product": 2
  }
},
{
  "model": "main.carad",
  "pk": 12,
  "fields": {
    "price": 5000,
    "description": "\u3059\u3079\u3066\u306e\u8272\u3092\u3059\u3079\u3066\u8a2d\u5b9a\u3059\u308b\u30d5\u30eb\u30bb\u30c3\u30c8",
    "date": "2019-12-24T17:54:10.937Z",
    "dealer": 14,
    "product": 5
  }
},
{
  "model": "main.carad",
  "pk": 13,
  "fields": {
    "price": 3000,
    "description": "\u65e5\u672c\u8a9e\u3067\u306f\u65e5\u672c\u306e\u30c7\u30a3\u30fc\u30e9\u30fc\u306e\u3088\u3046\u306a\u3082\u306e\u3067\u3001\u660e\u78ba\u306a\u3082\u306e\u306f\u3042\u308a\u307e\u305b\u3093",
    "date": "2019-12-24T17:56:19.254Z",
    "dealer": 14,
    "product": 7
  }
},
{
  "model": "main.carad",
  "pk": 14,
  "fields": {
    "price": 1500,
    "description": "\u65e5\u672c\u8a9e\u3067\u306f\u65e5\u672c\u306e\u30c7\u30a3\u30fc\u30e9\u30fc\u306e\u3088\u3046\u306a\u3082\u306e\u3067\u3001\u660e\u78ba\u306a\u3082\u306e\u306f\u3042\u308a\u307e\u305b\u3093",
    "date": "2019-12-24T17:56:54.845Z",
    "dealer": 14,
    "product": 3
  }
},
{
  "model": "main.carad",
  "pk": 15,
  "fields": {
    "price": 20000,
    "description": "\u65e5\u672c\u8a9e\u3067\u306f\u65e5\u672c\u306e\u30c7\u30a3\u30fc\u30e9\u30fc\u306e\u3088\u3046\u306a\u3082\u306e\u3067\u3001\u660e\u78ba\u306a\u3082\u306e\u306f\u3042\u308a\u307e\u305b\u3093",
    "date": "2019-12-24T17:57:19.735Z",
    "dealer": 14,
    "product": 11
  }
},
{
  "model": "main.carad",
  "pk": 16,
  "fields": {
    "price": 1500,
    "description": "All colors. Full set. 5 year warranty. Delivery.",
    "date": "2019-12-24T18:01:36.396Z",
    "dealer": 11,
    "product": 1
  }
},
{
  "model": "main.carad",
  "pk": 17,
  "fields": {
    "price": 8900,
    "description": "All colors. Full set. 5 year warranty. Delivery.",
    "date": "2019-12-24T18:02:02.174Z",
    "dealer": 11,
    "product": 5
  }
},
{
  "model": "main.carad",
  "pk": 18,
  "fields": {
    "price": 35000,
    "description": "All colors. Full set. 5 year warranty. Delivery.",
    "date": "2019-12-24T18:02:27.458Z",
    "dealer": 11,
    "product": 8
  }
},
{
  "model": "main.carad",
  "pk": 19,
  "fields": {
    "price": 15000,
    "description": "All colors. Full set. 5 year warranty. Delivery.",
    "date": "2019-12-24T18:03:02.974Z",
    "dealer": 11,
    "product": 12
  }
},
{
  "model": "main.carad",
  "pk": 20,
  "fields": {
    "price": 23000,
    "description": "All colors. Full set. 5 year warranty. Delivery.",
    "date": "2019-12-24T18:03:35.402Z",
    "dealer": 11,
    "product": 6
  }
},
{
  "model": "main.carad",
  "pk": 21,
  "fields": {
    "price": 12000,
    "description": "All colors. Full set. 5 year warranty. Delivery.",
    "date": "2019-12-24T18:04:01.654Z",
    "dealer": 11,
    "product": 13
  }
},
{
  "model": "main.carad",
  "pk": 22,
  "fields": {
    "price": 8000,
    "description": "All colors. Full set. 5 year warranty. Delivery.",
    "date": "2019-12-24T18:04:52.860Z",
    "dealer": 11,
    "product": 10
  }
},
{
  "model": "main.carad",
  "pk": 23,
  "fields": {
    "price": 1650,
    "description": "Colors: red, black, blue. No delivery. Ful complectation.",
    "date": "2019-12-24T18:21:54.824Z",
    "dealer": 13,
    "product": 1
  }
},
{
  "model": "main.carad",
  "pk": 24,
  "fields": {
    "price": 14999,
    "description": "Colors: red and black. No delivery.",
    "date": "2019-12-24T18:23:09.980Z",
    "dealer": 13,
    "product": 12
  }
},
{
  "model": "main.carad",
  "pk": 25,
  "fields": {
    "price": 500,
    "description": "No delivery.",
    "date": "2019-12-24T18:23:54.955Z",
    "dealer": 13,
    "product": 7
  }
},
{
  "model": "main.carad",
  "pk": 26,
  "fields": {
    "price": 2000,
    "description": "All colors. Full complectation. Shipment at own expense from JN.",
    "date": "2019-12-24T18:26:27.226Z",
    "dealer": 13,
    "product": 5
  }
},
{
  "model": "main.carad",
  "pk": 27,
  "fields": {
    "price": 1400,
    "description": "Only blue color. Full complectation. Delivery. If you find cheaper, we will sell for the same price.",
    "date": "2019-12-24T18:35:33.291Z",
    "dealer": 12,
    "product": 1
  }
},
{
  "model": "main.carad",
  "pk": 28,
  "fields": {
    "price": 8000,
    "description": "Only blue color. Full complectation. Delivery. 5 year warranty.",
    "date": "2019-12-24T18:36:46.646Z",
    "dealer": 12,
    "product": 5
  }
},
{
  "model": "main.carad",
  "pk": 29,
  "fields": {
    "price": 7600,
    "description": "Collors: white, black and grey. Full complectation. Delivery. 5 year warranty. If you find cheaper, we will sell for the same price.",
    "date": "2019-12-24T18:37:47.413Z",
    "dealer": 12,
    "product": 10
  }
},
{
  "model": "main.carad",
  "pk": 30,
  "fields": {
    "price": 14300,
    "description": "8 colors. Delivery. If you find cheaper, we will sell for the same price.",
    "date": "2019-12-24T18:38:38.241Z",
    "dealer": 12,
    "product": 12
  }
},
{
  "model": "main.carad",
  "pk": 31,
  "fields": {
    "price": 1900,
    "description": "Only red color. Full complectation. Delivery.",
    "date": "2019-12-24T18:39:42.666Z",
    "dealer": 12,
    "product": 3
  }
},
{
  "model": "auth.user",
  "pk": 1,
  "fields": {
    "password": "pbkdf2_sha256$150000$jegd9tV0k5Jo$uFnR3mdyV54seVYsdoi/UmfKKNYnkwUDRLWmpEnoRRM=",
    "last_login": "2019-12-27T15:33:19.483Z",
    "is_superuser": true,
    "username": "Admin",
    "first_name": "",
    "last_name": "",
    "email": "a@gmail.com",
    "is_staff": true,
    "is_active": true,
    "date_joined": "2019-11-14T18:56:47.898Z",
    "groups": [],
    "user_permissions": []
  }
},
{
  "model": "auth.user",
  "pk": 2,
  "fields": {
    "password": "pbkdf2_sha256$150000$3Vb1avZaWbST$Iu82270VeSN+juBDxDLj3B/AsK//ozvTc6NChRXb9BI=",
    "last_login": "2019-12-24T18:33:14.749Z",
    "is_superuser": false,
    "username": "Dispersion",
    "first_name": "",
    "last_name": "",
    "email": "",
    "is_staff": false,
    "is_active": true,
    "date_joined": "2019-11-27T18:34:33.627Z",
    "groups": [],
    "user_permissions": []
  }
},
{
  "model": "auth.user",
  "pk": 11,
  "fields": {
    "password": "pbkdf2_sha256$150000$Le0uVzcSDeBP$dLJn+Wfm1T3QafU1GsfwZ29n9yRsY76DhM1XQSAnyHw=",
    "last_login": "2019-12-24T17:59:43.037Z",
    "is_superuser": false,
    "username": "Getcars",
    "first_name": "",
    "last_name": "",
    "email": "ddd@dd",
    "is_staff": false,
    "is_active": true,
    "date_joined": "2019-11-30T18:28:13.699Z",
    "groups": [],
    "user_permissions": []
  }
},
{
  "model": "auth.user",
  "pk": 12,
  "fields": {
    "password": "pbkdf2_sha256$150000$igdEraapRilA$TqZrTZJKhF8Vd8gNFzBoP0fPGjwrtuRKEDi5fqIichc=",
    "last_login": "2019-12-27T14:53:22.786Z",
    "is_superuser": false,
    "username": "SimpleMan",
    "first_name": "",
    "last_name": "",
    "email": "ddd@dd",
    "is_staff": false,
    "is_active": true,
    "date_joined": "2019-12-19T08:47:25.405Z",
    "groups": [],
    "user_permissions": []
  }
},
{
  "model": "auth.user",
  "pk": 13,
  "fields": {
    "password": "pbkdf2_sha256$150000$NLLVQtrEtfeP$YL+YHIzEEDVoNhCZpG8/8jzKnxg1Ty05Du2UggZ2Wxc=",
    "last_login": "2019-12-24T18:20:25.265Z",
    "is_superuser": false,
    "username": "Gooddealer",
    "first_name": "",
    "last_name": "",
    "email": "ddd@dd",
    "is_staff": false,
    "is_active": true,
    "date_joined": "2019-12-24T17:43:29.960Z",
    "groups": [],
    "user_permissions": []
  }
},
{
  "model": "auth.user",
  "pk": 14,
  "fields": {
    "password": "pbkdf2_sha256$150000$MbwE2o570A4F$RXnXWVpdCrgopYLZgX0lNlLbTJxyLw3J9UoUMACIvuo=",
    "last_login": "2019-12-24T17:52:48Z",
    "is_superuser": false,
    "username": "DJPJDcompany",
    "first_name": "",
    "last_name": "",
    "email": "w@gmail.com",
    "is_staff": false,
    "is_active": true,
    "date_joined": "2019-12-24T17:45:35Z",
    "groups": [],
    "user_permissions": []
  }
},
{
  "model": "auth.user",
  "pk": 15,
  "fields": {
    "password": "pbkdf2_sha256$150000$tHHCTNBcNOeg$P6hWGXlk96oMTo6QPHfMF+wJeX2/aF72NkrIvRzFXvM=",
    "last_login": "2019-12-27T14:59:37.366Z",
    "is_superuser": false,
    "username": "MisterBones",
    "first_name": "",
    "last_name": "",
    "email": "ddd@dd",
    "is_staff": false,
    "is_active": true,
    "date_joined": "2019-12-27T14:59:35.928Z",
    "groups": [],
    "user_permissions": []
  }
},
{
  "model": "auth.user",
  "pk": 16,
  "fields": {
    "password": "pbkdf2_sha256$150000$DDUYBPpCw9Pr$d56Zp7nNKP2ZDr7yGeUCzVsWoUJzU9oHfCA23yV8/U8=",
    "last_login": "2019-12-27T15:06:16.186Z",
    "is_superuser": false,
    "username": "Rater",
    "first_name": "",
    "last_name": "",
    "email": "w@w",
    "is_staff": false,
    "is_active": true,
    "date_joined": "2019-12-27T15:06:14.704Z",
    "groups": [],
    "user_permissions": []
  }
},
{
  "model": "auth.user",
  "pk": 17,
  "fields": {
    "password": "pbkdf2_sha256$150000$HPqpNjJgOTXL$Fam8DDtcVLT6EfQlQTcCW7mQo/xcrD09X3a0EQXpeE0=",
    "last_login": "2019-12-27T15:37:06.675Z",
    "is_superuser": false,
    "username": "BabyYoda",
    "first_name": "",
    "last_name": "",
    "email": "m@gmail.com",
    "is_staff": false,
    "is_active": true,
    "date_joined": "2019-12-27T15:37:05.311Z",
    "groups": [],
    "user_permissions": []
  }
},
{
  "model": "sessions.session",
  "pk": "bew4mbk02dlqlsn88vd1mrk8qli433bi",
  "fields": {
    "session_data": "OWZjOWZkOWEwNzUwZjQ3ZTU1NmNjMTBkMGRmZmE3MDJkNWE0MDk2YTp7Il9hdXRoX3VzZXJfaWQiOiIxIiwiX2F1dGhfdXNlcl9iYWNrZW5kIjoiZGphbmdvLmNvbnRyaWIuYXV0aC5iYWNrZW5kcy5Nb2RlbEJhY2tlbmQiLCJfYXV0aF91c2VyX2hhc2giOiI3YmQ1MmFjODM5MGQzMjA3MGYwMmI3NjkxN2RhNTRhZTg0YWUwMGQ3In0=",
    "expire_date": "2019-11-28T18:57:49.704Z"
  }
},
{
  "model": "sessions.session",
  "pk": "chmp2burbiww8dkk4awyzzmicuhgc4mi",
  "fields": {
    "session_data": "NTE1NGVlMjk2ZjJkZDEwZTBmZTJlYWZhYzg5YjMxMGM0NWI4ODUxOTp7fQ==",
    "expire_date": "2019-12-11T22:50:23.447Z"
  }
},
{
  "model": "sessions.session",
  "pk": "dbh1wt9o9t0r9zdkezc5gdsbbk29jjlx",
  "fields": {
    "session_data": "OWZjOWZkOWEwNzUwZjQ3ZTU1NmNjMTBkMGRmZmE3MDJkNWE0MDk2YTp7Il9hdXRoX3VzZXJfaWQiOiIxIiwiX2F1dGhfdXNlcl9iYWNrZW5kIjoiZGphbmdvLmNvbnRyaWIuYXV0aC5iYWNrZW5kcy5Nb2RlbEJhY2tlbmQiLCJfYXV0aF91c2VyX2hhc2giOiI3YmQ1MmFjODM5MGQzMjA3MGYwMmI3NjkxN2RhNTRhZTg0YWUwMGQ3In0=",
    "expire_date": "2019-12-11T17:38:09.120Z"
  }
},
{
  "model": "sessions.session",
  "pk": "nhck0m79jcrft9f26tedktp4zsyph9jy",
  "fields": {
    "session_data": "OWZjOWZkOWEwNzUwZjQ3ZTU1NmNjMTBkMGRmZmE3MDJkNWE0MDk2YTp7Il9hdXRoX3VzZXJfaWQiOiIxIiwiX2F1dGhfdXNlcl9iYWNrZW5kIjoiZGphbmdvLmNvbnRyaWIuYXV0aC5iYWNrZW5kcy5Nb2RlbEJhY2tlbmQiLCJfYXV0aF91c2VyX2hhc2giOiI3YmQ1MmFjODM5MGQzMjA3MGYwMmI3NjkxN2RhNTRhZTg0YWUwMGQ3In0=",
    "expire_date": "2019-12-04T12:31:34.020Z"
  }
},
{
  "model": "sessions.session",
  "pk": "xhjre8xb996heuqgc7cp6k5srgxhovn8",
  "fields": {
    "session_data": "NTE1NGVlMjk2ZjJkZDEwZTBmZTJlYWZhYzg5YjMxMGM0NWI4ODUxOTp7fQ==",
    "expire_date": "2019-12-11T22:52:45.329Z"
  }
},
{
  "model": "sessions.session",
  "pk": "z9oc94atzajaz64bu6l69w5l783oxbmc",
  "fields": {
    "session_data": "ZjQ1MjBlMGYyZGEwZjFmYzkxYjQyMWNlYmRiMzA0NmIyMDBkMmZkMTp7Il9hdXRoX3VzZXJfaWQiOiIxNyIsIl9hdXRoX3VzZXJfYmFja2VuZCI6ImRqYW5nby5jb250cmliLmF1dGguYmFja2VuZHMuTW9kZWxCYWNrZW5kIiwiX2F1dGhfdXNlcl9oYXNoIjoiZmQyNWNlNzQwYzcxMDVjN2FhNTk2YzIzNmE1NTM5MmIwMmM4ZDgzZCJ9",
    "expire_date": "2020-01-10T15:37:06.718Z"
  }
},
{
  "model": "admin.logentry",
  "pk": 1,
  "fields": {
    "action_time": "2019-11-16T18:26:51.003Z",
    "user": 1,
    "content_type": 13,
    "object_id": "1",
    "object_repr": "Volkswagen",
    "action_flag": 1,
    "change_message": "[{\"added\": {}}]"
  }
},
{
  "model": "admin.logentry",
  "pk": 2,
  "fields": {
    "action_time": "2019-11-16T18:30:03.679Z",
    "user": 1,
    "content_type": 7,
    "object_id": "1",
    "object_repr": "VolkswagenJetta 2",
    "action_flag": 1,
    "change_message": "[{\"added\": {}}]"
  }
},
{
  "model": "admin.logentry",
  "pk": 3,
  "fields": {
    "action_time": "2019-11-16T18:33:47.066Z",
    "user": 1,
    "content_type": 10,
    "object_id": "1",
    "object_repr": "Getcars",
    "action_flag": 1,
    "change_message": "[{\"added\": {}}]"
  }
},
{
  "model": "admin.logentry",
  "pk": 4,
  "fields": {
    "action_time": "2019-11-16T18:35:42.660Z",
    "user": 1,
    "content_type": 10,
    "object_id": "2",
    "object_repr": "Dispersion",
    "action_flag": 1,
    "change_message": "[{\"added\": {}}]"
  }
},
{
  "model": "admin.logentry",
  "pk": 5,
  "fields": {
    "action_time": "2019-11-16T18:40:22.159Z",
    "user": 1,
    "content_type": 12,
    "object_id": "3",
    "object_repr": "Jetta 2 Volkswagen Getcars",
    "action_flag": 1,
    "change_message": "[{\"added\": {}}]"
  }
},
{
  "model": "admin.logentry",
  "pk": 6,
  "fields": {
    "action_time": "2019-11-16T18:41:22.541Z",
    "user": 1,
    "content_type": 12,
    "object_id": "4",
    "object_repr": "Jetta 2 Volkswagen Dispersion",
    "action_flag": 1,
    "change_message": "[{\"added\": {}}]"
  }
},
{
  "model": "admin.logentry",
  "pk": 7,
  "fields": {
    "action_time": "2019-11-17T15:40:08.696Z",
    "user": 1,
    "content_type": 13,
    "object_id": "2",
    "object_repr": "Audi",
    "action_flag": 1,
    "change_message": "[{\"added\": {}}]"
  }
},
{
  "model": "admin.logentry",
  "pk": 8,
  "fields": {
    "action_time": "2019-11-17T15:41:45.113Z",
    "user": 1,
    "content_type": 7,
    "object_id": "2",
    "object_repr": "AudiA6",
    "action_flag": 1,
    "change_message": "[{\"added\": {}}]"
  }
},
{
  "model": "admin.logentry",
  "pk": 9,
  "fields": {
    "action_time": "2019-11-18T17:59:58.543Z",
    "user": 1,
    "content_type": 10,
    "object_id": "1",
    "object_repr": "Getcars",
    "action_flag": 2,
    "change_message": "[{\"changed\": {\"fields\": [\"rating\"]}}]"
  }
},
{
  "model": "admin.logentry",
  "pk": 10,
  "fields": {
    "action_time": "2019-11-19T11:01:22.193Z",
    "user": 1,
    "content_type": 13,
    "object_id": "3",
    "object_repr": "Toyota",
    "action_flag": 1,
    "change_message": "[{\"added\": {}}]"
  }
},
{
  "model": "admin.logentry",
  "pk": 11,
  "fields": {
    "action_time": "2019-11-19T11:08:08.180Z",
    "user": 1,
    "content_type": 7,
    "object_id": "3",
    "object_repr": "ToyotaSprinter Trueno (E80)",
    "action_flag": 1,
    "change_message": "[{\"added\": {}}]"
  }
},
{
  "model": "admin.logentry",
  "pk": 12,
  "fields": {
    "action_time": "2019-11-19T11:16:39.393Z",
    "user": 1,
    "content_type": 7,
    "object_id": "4",
    "object_repr": "VolkswagenPassat 5",
    "action_flag": 1,
    "change_message": "[{\"added\": {}}]"
  }
},
{
  "model": "admin.logentry",
  "pk": 13,
  "fields": {
    "action_time": "2019-11-19T11:22:13.335Z",
    "user": 1,
    "content_type": 7,
    "object_id": "5",
    "object_repr": "ToyotaCorolla CVT",
    "action_flag": 1,
    "change_message": "[{\"added\": {}}]"
  }
},
{
  "model": "admin.logentry",
  "pk": 14,
  "fields": {
    "action_time": "2019-11-19T11:27:48.226Z",
    "user": 1,
    "content_type": 9,
    "object_id": "1",
    "object_repr": "ToyotaHrooster",
    "action_flag": 1,
    "change_message": "[{\"added\": {}}]"
  }
},
{
  "model": "admin.logentry",
  "pk": 15,
  "fields": {
    "action_time": "2019-11-19T11:31:02.200Z",
    "user": 1,
    "content_type": 9,
    "object_id": "2",
    "object_repr": "AudiGround Meat",
    "action_flag": 1,
    "change_message": "[{\"added\": {}}]"
  }
},
{
  "model": "admin.logentry",
  "pk": 16,
  "fields": {
    "action_time": "2019-11-19T11:33:14.600Z",
    "user": 1,
    "content_type": 13,
    "object_id": "4",
    "object_repr": "Ducati",
    "action_flag": 1,
    "change_message": "[{\"added\": {}}]"
  }
},
{
  "model": "admin.logentry",
  "pk": 17,
  "fields": {
    "action_time": "2019-11-19T11:33:51.213Z",
    "user": 1,
    "content_type": 13,
    "object_id": "5",
    "object_repr": "BMW",
    "action_flag": 1,
    "change_message": "[{\"added\": {}}]"
  }
},
{
  "model": "admin.logentry",
  "pk": 18,
  "fields": {
    "action_time": "2019-11-19T11:37:44.549Z",
    "user": 1,
    "content_type": 9,
    "object_id": "3",
    "object_repr": "BMWHP4 RACE",
    "action_flag": 1,
    "change_message": "[{\"added\": {}}]"
  }
},
{
  "model": "admin.logentry",
  "pk": 19,
  "fields": {
    "action_time": "2019-11-19T11:42:11.523Z",
    "user": 1,
    "content_type": 7,
    "object_id": "6",
    "object_repr": "BMWZ4",
    "action_flag": 1,
    "change_message": "[{\"added\": {}}]"
  }
},
{
  "model": "admin.logentry",
  "pk": 20,
  "fields": {
    "action_time": "2019-11-20T12:34:29.066Z",
    "user": 1,
    "content_type": 7,
    "object_id": "7",
    "object_repr": "ToyotaSupra A80",
    "action_flag": 1,
    "change_message": "[{\"added\": {}}]"
  }
},
{
  "model": "admin.logentry",
  "pk": 21,
  "fields": {
    "action_time": "2019-11-20T12:37:29.154Z",
    "user": 1,
    "content_type": 7,
    "object_id": "8",
    "object_repr": "BMWM760LI",
    "action_flag": 1,
    "change_message": "[{\"added\": {}}]"
  }
},
{
  "model": "admin.logentry",
  "pk": 22,
  "fields": {
    "action_time": "2019-11-20T12:38:34.065Z",
    "user": 1,
    "content_type": 13,
    "object_id": "6",
    "object_repr": "Land Rover",
    "action_flag": 1,
    "change_message": "[{\"added\": {}}]"
  }
},
{
  "model": "admin.logentry",
  "pk": 23,
  "fields": {
    "action_time": "2019-11-20T12:41:01.155Z",
    "user": 1,
    "content_type": 7,
    "object_id": "9",
    "object_repr": "Land RoverRange Rover Sport SVR",
    "action_flag": 1,
    "change_message": "[{\"added\": {}}]"
  }
},
{
  "model": "admin.logentry",
  "pk": 24,
  "fields": {
    "action_time": "2019-11-27T17:38:27.363Z",
    "user": 1,
    "content_type": 10,
    "object_id": "2",
    "object_repr": "Dispersion",
    "action_flag": 3,
    "change_message": ""
  }
},
{
  "model": "admin.logentry",
  "pk": 25,
  "fields": {
    "action_time": "2019-11-27T17:38:27.553Z",
    "user": 1,
    "content_type": 10,
    "object_id": "1",
    "object_repr": "Getcars",
    "action_flag": 3,
    "change_message": ""
  }
},
{
  "model": "admin.logentry",
  "pk": 26,
  "fields": {
    "action_time": "2019-11-27T18:34:34.298Z",
    "user": 1,
    "content_type": 4,
    "object_id": "2",
    "object_repr": "Dispersion",
    "action_flag": 1,
    "change_message": "[{\"added\": {}}]"
  }
},
{
  "model": "admin.logentry",
  "pk": 27,
  "fields": {
    "action_time": "2019-11-27T18:39:09.143Z",
    "user": 1,
    "content_type": 10,
    "object_id": "5",
    "object_repr": "Dispersion",
    "action_flag": 1,
    "change_message": "[{\"added\": {}}]"
  }
},
{
  "model": "admin.logentry",
  "pk": 28,
  "fields": {
    "action_time": "2019-11-27T18:41:33.233Z",
    "user": 1,
    "content_type": 10,
    "object_id": "5",
    "object_repr": "Dispersion unvalidated",
    "action_flag": 2,
    "change_message": "[{\"changed\": {\"fields\": [\"valid\"]}}]"
  }
},
{
  "model": "admin.logentry",
  "pk": 29,
  "fields": {
    "action_time": "2019-11-27T22:52:07.398Z",
    "user": 1,
    "content_type": 4,
    "object_id": "3",
    "object_repr": "Getcars",
    "action_flag": 3,
    "change_message": ""
  }
},
{
  "model": "admin.logentry",
  "pk": 30,
  "fields": {
    "action_time": "2019-11-27T23:22:02.549Z",
    "user": 1,
    "content_type": 4,
    "object_id": "10",
    "object_repr": " ghfgghjk",
    "action_flag": 3,
    "change_message": ""
  }
},
{
  "model": "admin.logentry",
  "pk": 31,
  "fields": {
    "action_time": "2019-11-27T23:22:02.575Z",
    "user": 1,
    "content_type": 4,
    "object_id": "6",
    "object_repr": "Creeper2010",
    "action_flag": 3,
    "change_message": ""
  }
},
{
  "model": "admin.logentry",
  "pk": 32,
  "fields": {
    "action_time": "2019-11-27T23:22:02.578Z",
    "user": 1,
    "content_type": 4,
    "object_id": "4",
    "object_repr": "Getcars",
    "action_flag": 3,
    "change_message": ""
  }
},
{
  "model": "admin.logentry",
  "pk": 33,
  "fields": {
    "action_time": "2019-11-27T23:22:02.581Z",
    "user": 1,
    "content_type": 4,
    "object_id": "9",
    "object_repr": "MicroHumans",
    "action_flag": 3,
    "change_message": ""
  }
},
{
  "model": "admin.logentry",
  "pk": 34,
  "fields": {
    "action_time": "2019-11-27T23:22:02.584Z",
    "user": 1,
    "content_type": 4,
    "object_id": "5",
    "object_repr": "MisterBones",
    "action_flag": 3,
    "change_message": ""
  }
},
{
  "model": "admin.logentry",
  "pk": 35,
  "fields": {
    "action_time": "2019-11-27T23:22:02.586Z",
    "user": 1,
    "content_type": 4,
    "object_id": "8",
    "object_repr": "NotDefaultPic",
    "action_flag": 3,
    "change_message": ""
  }
},
{
  "model": "admin.logentry",
  "pk": 36,
  "fields": {
    "action_time": "2019-11-27T23:22:02.589Z",
    "user": 1,
    "content_type": 4,
    "object_id": "7",
    "object_repr": "test",
    "action_flag": 3,
    "change_message": ""
  }
},
{
  "model": "admin.logentry",
  "pk": 37,
  "fields": {
    "action_time": "2019-11-28T21:50:18.507Z",
    "user": 1,
    "content_type": 12,
    "object_id": "6",
    "object_repr": "Jetta 2 Volkswagen Dispersion",
    "action_flag": 1,
    "change_message": "[{\"added\": {}}]"
  }
},
{
  "model": "admin.logentry",
  "pk": 38,
  "fields": {
    "action_time": "2019-11-30T17:41:58.178Z",
    "user": 1,
    "content_type": 7,
    "object_id": "3",
    "object_repr": "ToyotaSprinter Trueno (E80)",
    "action_flag": 2,
    "change_message": "[{\"changed\": {\"fields\": [\"pic\"]}}]"
  }
},
{
  "model": "admin.logentry",
  "pk": 39,
  "fields": {
    "action_time": "2019-11-30T18:29:42.681Z",
    "user": 1,
    "content_type": 10,
    "object_id": "9",
    "object_repr": "Getcars",
    "action_flag": 2,
    "change_message": "[{\"changed\": {\"fields\": [\"valid\"]}}]"
  }
},
{
  "model": "admin.logentry",
  "pk": 40,
  "fields": {
    "action_time": "2019-11-30T19:20:33.933Z",
    "user": 1,
    "content_type": 7,
    "object_id": "6",
    "object_repr": "BMWZ4",
    "action_flag": 2,
    "change_message": "[{\"changed\": {\"fields\": [\"pic\"]}}]"
  }
},
{
  "model": "admin.logentry",
  "pk": 41,
  "fields": {
    "action_time": "2019-11-30T19:22:18.074Z",
    "user": 1,
    "content_type": 7,
    "object_id": "6",
    "object_repr": "BMWZ4",
    "action_flag": 2,
    "change_message": "[{\"changed\": {\"fields\": [\"pic\"]}}]"
  }
},
{
  "model": "admin.logentry",
  "pk": 42,
  "fields": {
    "action_time": "2019-11-30T19:22:29.683Z",
    "user": 1,
    "content_type": 7,
    "object_id": "8",
    "object_repr": "BMWM760LI",
    "action_flag": 2,
    "change_message": "[{\"changed\": {\"fields\": [\"pic\"]}}]"
  }
},
{
  "model": "admin.logentry",
  "pk": 43,
  "fields": {
    "action_time": "2019-12-11T23:34:47.536Z",
    "user": 1,
    "content_type": 9,
    "object_id": "4",
    "object_repr": "BMWBC-OME M E4T",
    "action_flag": 2,
    "change_message": "[{\"changed\": {\"fields\": [\"model\", \"producer\"]}}]"
  }
},
{
  "model": "admin.logentry",
  "pk": 44,
  "fields": {
    "action_time": "2019-12-19T10:27:17.584Z",
    "user": 1,
    "content_type": 15,
    "object_id": "15",
    "object_repr": "Getcars 0 Admin",
    "action_flag": 3,
    "change_message": ""
  }
},
{
  "model": "admin.logentry",
  "pk": 45,
  "fields": {
    "action_time": "2019-12-19T10:27:17.666Z",
    "user": 1,
    "content_type": 15,
    "object_id": "14",
    "object_repr": "Getcars 2 Admin",
    "action_flag": 3,
    "change_message": ""
  }
},
{
  "model": "admin.logentry",
  "pk": 46,
  "fields": {
    "action_time": "2019-12-19T10:27:17.669Z",
    "user": 1,
    "content_type": 15,
    "object_id": "13",
    "object_repr": "Getcars 1 Admin",
    "action_flag": 3,
    "change_message": ""
  }
},
{
  "model": "admin.logentry",
  "pk": 47,
  "fields": {
    "action_time": "2019-12-19T10:27:17.672Z",
    "user": 1,
    "content_type": 15,
    "object_id": "12",
    "object_repr": "Getcars -2 Admin",
    "action_flag": 3,
    "change_message": ""
  }
},
{
  "model": "admin.logentry",
  "pk": 48,
  "fields": {
    "action_time": "2019-12-19T10:27:17.675Z",
    "user": 1,
    "content_type": 15,
    "object_id": "11",
    "object_repr": "Getcars -2 Admin",
    "action_flag": 3,
    "change_message": ""
  }
},
{
  "model": "admin.logentry",
  "pk": 49,
  "fields": {
    "action_time": "2019-12-19T10:27:17.678Z",
    "user": 1,
    "content_type": 15,
    "object_id": "10",
    "object_repr": "Getcars -2 Admin",
    "action_flag": 3,
    "change_message": ""
  }
},
{
  "model": "admin.logentry",
  "pk": 50,
  "fields": {
    "action_time": "2019-12-19T10:27:17.681Z",
    "user": 1,
    "content_type": 15,
    "object_id": "9",
    "object_repr": "Getcars -2 Admin",
    "action_flag": 3,
    "change_message": ""
  }
},
{
  "model": "admin.logentry",
  "pk": 51,
  "fields": {
    "action_time": "2019-12-19T10:27:17.684Z",
    "user": 1,
    "content_type": 15,
    "object_id": "8",
    "object_repr": "Getcars -2 Admin",
    "action_flag": 3,
    "change_message": ""
  }
},
{
  "model": "admin.logentry",
  "pk": 52,
  "fields": {
    "action_time": "2019-12-19T10:27:17.687Z",
    "user": 1,
    "content_type": 15,
    "object_id": "7",
    "object_repr": "Getcars -2 Admin",
    "action_flag": 3,
    "change_message": ""
  }
},
{
  "model": "admin.logentry",
  "pk": 53,
  "fields": {
    "action_time": "2019-12-19T10:27:17.689Z",
    "user": 1,
    "content_type": 15,
    "object_id": "6",
    "object_repr": "Getcars -2 Admin",
    "action_flag": 3,
    "change_message": ""
  }
},
{
  "model": "admin.logentry",
  "pk": 54,
  "fields": {
    "action_time": "2019-12-19T10:27:17.694Z",
    "user": 1,
    "content_type": 15,
    "object_id": "5",
    "object_repr": "Getcars -2 Admin",
    "action_flag": 3,
    "change_message": ""
  }
},
{
  "model": "admin.logentry",
  "pk": 55,
  "fields": {
    "action_time": "2019-12-19T10:27:17.697Z",
    "user": 1,
    "content_type": 15,
    "object_id": "4",
    "object_repr": "Getcars -2 Admin",
    "action_flag": 3,
    "change_message": ""
  }
},
{
  "model": "admin.logentry",
  "pk": 56,
  "fields": {
    "action_time": "2019-12-19T10:27:17.700Z",
    "user": 1,
    "content_type": 15,
    "object_id": "3",
    "object_repr": "Getcars -2 Admin",
    "action_flag": 3,
    "change_message": ""
  }
},
{
  "model": "admin.logentry",
  "pk": 57,
  "fields": {
    "action_time": "2019-12-19T10:27:17.703Z",
    "user": 1,
    "content_type": 15,
    "object_id": "2",
    "object_repr": "Getcars -2 Admin",
    "action_flag": 3,
    "change_message": ""
  }
},
{
  "model": "admin.logentry",
  "pk": 58,
  "fields": {
    "action_time": "2019-12-19T10:27:17.706Z",
    "user": 1,
    "content_type": 15,
    "object_id": "1",
    "object_repr": "Getcars 2 SimpleMan",
    "action_flag": 3,
    "change_message": ""
  }
},
{
  "model": "admin.logentry",
  "pk": 59,
  "fields": {
    "action_time": "2019-12-19T10:36:42.790Z",
    "user": 1,
    "content_type": 10,
    "object_id": "9",
    "object_repr": "Getcars",
    "action_flag": 2,
    "change_message": "[{\"changed\": {\"fields\": [\"rating\"]}}]"
  }
},
{
  "model": "admin.logentry",
  "pk": 60,
  "fields": {
    "action_time": "2019-12-24T16:56:15.111Z",
    "user": 1,
    "content_type": 10,
    "object_id": "10",
    "object_repr": "SimpleMan [unvalidated]",
    "action_flag": 3,
    "change_message": ""
  }
},
{
  "model": "admin.logentry",
  "pk": 61,
  "fields": {
    "action_time": "2019-12-24T16:56:15.359Z",
    "user": 1,
    "content_type": 10,
    "object_id": "9",
    "object_repr": "Getcars",
    "action_flag": 3,
    "change_message": ""
  }
},
{
  "model": "admin.logentry",
  "pk": 62,
  "fields": {
    "action_time": "2019-12-24T16:56:15.451Z",
    "user": 1,
    "content_type": 10,
    "object_id": "5",
    "object_repr": "Dispersion [unvalidated]",
    "action_flag": 3,
    "change_message": ""
  }
},
{
  "model": "admin.logentry",
  "pk": 63,
  "fields": {
    "action_time": "2019-12-24T16:59:12.200Z",
    "user": 1,
    "content_type": 9,
    "object_id": "3",
    "object_repr": "BMWHP4 RACE",
    "action_flag": 2,
    "change_message": "[{\"changed\": {\"fields\": [\"pic\"]}}]"
  }
},
{
  "model": "admin.logentry",
  "pk": 64,
  "fields": {
    "action_time": "2019-12-24T17:00:12.394Z",
    "user": 1,
    "content_type": 7,
    "object_id": "2",
    "object_repr": "AudiA6",
    "action_flag": 2,
    "change_message": "[{\"changed\": {\"fields\": [\"pic\"]}}]"
  }
},
{
  "model": "admin.logentry",
  "pk": 65,
  "fields": {
    "action_time": "2019-12-24T17:14:27.985Z",
    "user": 1,
    "content_type": 10,
    "object_id": "11",
    "object_repr": "Getcars",
    "action_flag": 2,
    "change_message": "[{\"changed\": {\"fields\": [\"valid\"]}}]"
  }
},
{
  "model": "admin.logentry",
  "pk": 66,
  "fields": {
    "action_time": "2019-12-24T17:51:20.411Z",
    "user": 1,
    "content_type": 10,
    "object_id": "12",
    "object_repr": "Dispersion",
    "action_flag": 2,
    "change_message": "[{\"changed\": {\"fields\": [\"valid\"]}}]"
  }
},
{
  "model": "admin.logentry",
  "pk": 67,
  "fields": {
    "action_time": "2019-12-24T17:51:31.092Z",
    "user": 1,
    "content_type": 10,
    "object_id": "14",
    "object_repr": "DJPJDSRFITcompany",
    "action_flag": 2,
    "change_message": "[{\"changed\": {\"fields\": [\"valid\"]}}]"
  }
},
{
  "model": "admin.logentry",
  "pk": 68,
  "fields": {
    "action_time": "2019-12-24T17:51:40.413Z",
    "user": 1,
    "content_type": 10,
    "object_id": "13",
    "object_repr": "Gooddealer",
    "action_flag": 2,
    "change_message": "[{\"changed\": {\"fields\": [\"valid\"]}}]"
  }
},
{
  "model": "admin.logentry",
  "pk": 69,
  "fields": {
    "action_time": "2019-12-27T13:41:10.065Z",
    "user": 1,
    "content_type": 4,
    "object_id": "14",
    "object_repr": "DJPJDcompany",
    "action_flag": 2,
    "change_message": "[{\"changed\": {\"fields\": [\"username\", \"email\"]}}]"
  }
},
{
  "model": "admin.logentry",
  "pk": 70,
  "fields": {
    "action_time": "2019-12-27T14:43:30.455Z",
    "user": 1,
    "content_type": 7,
    "object_id": "1",
    "object_repr": "VolkswagenJetta 2",
    "action_flag": 2,
    "change_message": "[{\"changed\": {\"fields\": [\"pic\"]}}]"
  }
},
{
  "model": "admin.logentry",
  "pk": 71,
  "fields": {
    "action_time": "2019-12-27T14:51:32.830Z",
    "user": 1,
    "content_type": 10,
    "object_id": "14",
    "object_repr": "DJPJDcompany",
    "action_flag": 2,
    "change_message": "[{\"changed\": {\"fields\": [\"rating\"]}}]"
  }
},
{
  "model": "admin.logentry",
  "pk": 72,
  "fields": {
    "action_time": "2019-12-27T14:51:46.777Z",
    "user": 1,
    "content_type": 10,
    "object_id": "11",
    "object_repr": "Getcars",
    "action_flag": 2,
    "change_message": "[{\"changed\": {\"fields\": [\"rating\"]}}]"
  }
},
{
  "model": "admin.logentry",
  "pk": 73,
  "fields": {
    "action_time": "2019-12-27T14:52:17.153Z",
    "user": 1,
    "content_type": 15,
    "object_id": "24",
    "object_repr": "DJPJDcompany 0 Admin",
    "action_flag": 3,
    "change_message": ""
  }
},
{
  "model": "admin.logentry",
  "pk": 74,
  "fields": {
    "action_time": "2019-12-27T14:52:17.211Z",
    "user": 1,
    "content_type": 15,
    "object_id": "23",
    "object_repr": "Getcars 0 Admin",
    "action_flag": 3,
    "change_message": ""
  }
},
{
  "model": "main.review",
  "pk": 25,
  "fields": {
    "dealer": 14,
    "user": 12,
    "comment": "Nothing is clear, but all is well",
    "rate": 1,
    "date": "2019-12-27T14:53:57.404Z"
  }
},
{
  "model": "main.review",
  "pk": 26,
  "fields": {
    "dealer": 11,
    "user": 12,
    "comment": "One of the bests",
    "rate": 2,
    "date": "2019-12-27T14:54:21.161Z"
  }
},
{
  "model": "main.review",
  "pk": 28,
  "fields": {
    "dealer": 12,
    "user": 12,
    "comment": "One of the bests",
    "rate": 2,
    "date": "2019-12-27T14:55:29.716Z"
  }
},
{
  "model": "main.review",
  "pk": 29,
  "fields": {
    "dealer": 13,
    "user": 12,
    "comment": "Suspiciously",
    "rate": -1,
    "date": "2019-12-27T14:56:06.250Z"
  }
},
{
  "model": "main.review",
  "pk": 30,
  "fields": {
    "dealer": 11,
    "user": 15,
    "comment": "Reliability, guarantee and high processing speed.",
    "rate": 2,
    "date": "2019-12-27T15:00:19.844Z"
  }
},
{
  "model": "main.review",
  "pk": 31,
  "fields": {
    "dealer": 12,
    "user": 15,
    "comment": "The best prices in the region",
    "rate": 2,
    "date": "2019-12-27T15:01:59.564Z"
  }
},
{
  "model": "main.review",
  "pk": 32,
  "fields": {
    "dealer": 14,
    "user": 15,
    "comment": "\u306a\u3082\u306e\u306f\u3042\u308a",
    "rate": 0,
    "date": "2019-12-27T15:02:22.449Z"
  }
},
{
  "model": "main.review",
  "pk": 33,
  "fields": {
    "dealer": 13,
    "user": 15,
    "comment": "Nothin to talk about",
    "rate": -2,
    "date": "2019-12-27T15:03:48.915Z"
  }
},
{
  "model": "main.review",
  "pk": 35,
  "fields": {
    "dealer": 11,
    "user": 16,
    "comment": "long review long review long review long review long review long review long review long review long review long review long review long review long review long review long review long review",
    "rate": 2,
    "date": "2019-12-27T15:19:30.817Z"
  }
},
{
  "model": "main.review",
  "pk": 36,
  "fields": {
    "dealer": 12,
    "user": 16,
    "comment": "long review long review long review long review long review long review long review long review long review long review long review long review long review long review long review long review",
    "rate": -1,
    "date": "2019-12-27T15:19:58.935Z"
  }
},
{
  "model": "main.review",
  "pk": 37,
  "fields": {
    "dealer": 14,
    "user": 16,
    "comment": "long review long review long review long review long review long review long review long review long review long review long review long review long review long review long review long review",
    "rate": 2,
    "date": "2019-12-27T15:20:17.578Z"
  }
},
{
  "model": "main.review",
  "pk": 38,
  "fields": {
    "dealer": 13,
    "user": 16,
    "comment": "long review long review long review long review long review long review long review long review long review long review long review long review long review long review long review long review",
    "rate": -2,
    "date": "2019-12-27T15:20:37.648Z"
  }
},
{
  "model": "main.review",
  "pk": 39,
  "fields": {
    "dealer": 11,
    "user": 17,
    "comment": "",
    "rate": 1,
    "date": "2019-12-27T15:37:31.112Z"
  }
},
{
  "model": "main.review",
  "pk": 40,
  "fields": {
    "dealer": 12,
    "user": 17,
    "comment": "",
    "rate": 1,
    "date": "2019-12-27T15:37:52.508Z"
  }
},
{
  "model": "main.dealer",
  "pk": 11,
  "fields": {
    "name": 11,
    "rating": 7,
    "website": "https://getcars.com",
    "description": "20 years in business. We sell auto and motor vehicles of all price segments. We work with 26 producers. Reliability, guarantee and high processing speed.",
    "valid": true
  }
},
{
  "model": "main.dealer",
  "pk": 12,
  "fields": {
    "name": 2,
    "rating": 4,
    "website": "https://dispersion.com",
    "description": "Work only directly with manufacturers. Pre-order available. The best prices in the region, hell, yes they are the best in the world.",
    "valid": true
  }
},
{
  "model": "main.dealer",
  "pk": 13,
  "fields": {
    "name": 13,
    "rating": -5,
    "website": "https://gooddealer@gmail.com",
    "description": "Very good dealer, very good deals.",
    "valid": true
  }
},
{
  "model": "main.dealer",
  "pk": 14,
  "fields": {
    "name": 14,
    "rating": 3,
    "website": "https://DJLPVGSRFIT.com",
    "description": "\u65e5\u672c\u8a9e\u3067\u306f\u65e5\u672c\u306e\u30c7\u30a3\u30fc\u30e9\u30fc\u306e\u3088\u3046\u306a\u3082\u306e\u3067\u3001\u660e\u78ba\u306a\u3082\u306e\u306f\u3042\u308a\u307e\u305b\u3093",
    "valid": true
  }
}
]
